SIMRUN,TIMEINT,QUEUECOUNTER,QLEN,QLENMAX,QSTOPS
1,104-1,3,0.00000000000000000,0.00000000000000000,0
1,104-1,4,0.00000000000000000,0.00000000000000000,0
1,104-1,5,0.00000000000000000,0.00000000000000000,0
1,104-1,6,0.00000000000000000,0.00000000000000000,0
1,104-1,7,0.00000000000000000,0.00000000000000000,0
1,104-2,3,0.00000000000000000,0.00000000000000000,0
1,104-2,4,0.00000000000000000,0.00000000000000000,0
1,104-2,5,0.00000000000000000,0.00000000000000000,0
1,104-2,6,0.00000000000000000,0.00000000000000000,0
1,104-2,7,0.00000000000000000,0.00000000000000000,0
1,104-3,3,0.00000000000000000,0.00000000000000000,0
1,104-3,4,0.00000000000000000,0.00000000000000000,0
1,104-3,5,0.00000000000000000,0.00000000000000000,0
1,104-3,6,0.00000000000000000,0.00000000000000000,0
1,104-3,7,0.00000000000000000,0.00000000000000000,0
1,104-4,3,0.00000000000000000,0.00000000000000000,0
1,104-4,4,0.00000000000000000,0.00000000000000000,0
1,104-4,5,0.00000000000000000,0.00000000000000000,0
1,104-4,6,0.00000000000000000,0.00000000000000000,0
1,104-4,7,0.00000000000000000,0.00000000000000000,0
1,104-5,3,0.00000000000000000,0.00000000000000000,0
1,104-5,4,0.00000000000000000,0.00000000000000000,0
1,104-5,5,0.00000000000000000,0.00000000000000000,0
1,104-5,6,0.00000000000000000,0.00000000000000000,0
1,104-5,7,0.00000000000000000,0.00000000000000000,0
1,104-6,3,0.00000000000000000,0.00000000000000000,0
1,104-6,4,4.49632169617237842,15.34483627056762600,2
1,104-6,5,0.00000000000000000,0.00000000000000000,0
1,104-6,6,0.00000000000000000,0.00000000000000000,0
1,104-6,7,0.00000000000000000,0.00000000000000000,0
1,104-7,3,0.00000000000000000,0.00000000000000000,0
1,104-7,4,18.73592274020258230,21.25293734441659765,2
1,104-7,5,0.00000000000000000,0.00000000000000000,0
1,104-7,6,0.00000000000000000,0.00000000000000000,0
1,104-7,7,0.00000000000000000,0.00000000000000000,0
1,104-8,3,0.00000000000000000,0.00000000000000000,0
1,104-8,4,19.85863306623327773,19.85863306623328484,0
1,104-8,5,0.00000000000000000,0.00000000000000000,0
1,104-8,6,0.00000000000000000,0.00000000000000000,0
1,104-8,7,0.00000000000000000,0.00000000000000000,0
1,104-9,3,21.00874737172935269,39.58079111955971996,5
1,104-9,4,14.17467798898674047,26.46746079154513609,3
1,104-9,5,0.00000000000000000,0.00000000000000000,0
1,104-9,6,0.00000000000000000,0.00000000000000000,0
1,104-9,7,0.00000000000000000,0.00000000000000000,0
1,104-10,3,40.67792249619315470,46.18158526983518186,1
1,104-10,4,0.00000000000000000,0.00000000000000000,0
1,104-10,5,0.00000000000000000,0.00000000000000000,0
1,104-10,6,0.00000000000000000,0.00000000000000000,0
1,104-10,7,0.00000000000000000,0.00000000000000000,0
1,104-11,3,6.79485828704088668,45.45454858503943996,0
1,104-11,4,1.22799014228825931,12.76733028243808299,1
1,104-11,5,0.00000000000000000,0.00000000000000000,0
1,104-11,6,0.00000000000000000,0.00000000000000000,0
1,104-11,7,0.00000000000000000,0.00000000000000000,0
1,104-12,3,0.00000000000000000,0.00000000000000000,0
1,104-12,4,12.86458069737595977,19.99828794856548342,2
1,104-12,5,0.00000000000000000,0.00000000000000000,0
1,104-12,6,0.00000000000000000,0.00000000000000000,0
1,104-12,7,0.00000000000000000,0.00000000000000000,0
1,104-13,3,0.00000000000000000,0.00000000000000000,0
1,104-13,4,21.60699716241433777,26.98560083450426106,4
1,104-13,5,0.00000000000000000,0.00000000000000000,0
1,104-13,6,0.00000000000000000,0.00000000000000000,0
1,104-13,7,0.00000000000000000,0.00000000000000000,0
1,104-14,3,7.88868711760461583,37.00643553148293563,4
1,104-14,4,17.06210095376129487,26.66450654069508275,5
1,104-14,5,0.00000000000000000,0.00000000000000000,0
1,104-14,6,0.00000000000000000,0.00000000000000000,0
1,104-14,7,0.00000000000000000,0.00000000000000000,0
1,104-15,3,46.03847443764241376,59.96769797792453005,3
1,104-15,4,0.00000000000000000,0.00000000000000000,0
1,104-15,5,0.00000000000000000,0.00000000000000000,0
1,104-15,6,0.00000000000000000,0.00000000000000000,0
1,104-15,7,0.00000000000000000,0.00000000000000000,0
1,104-16,3,38.48245596575004868,66.18881086431312610,1
1,104-16,4,0.00000000000000000,0.00000000000000000,0
1,104-16,5,0.00000000000000000,0.00000000000000000,0
1,104-16,6,0.00000000000000000,0.00000000000000000,0
1,104-16,7,0.00000000000000000,0.00000000000000000,0
1,104-17,3,0.00000000000000000,0.00000000000000000,0
1,104-17,4,1.44762786876676608,11.38189732135789711,2
1,104-17,5,0.00000000000000000,0.00000000000000000,0
1,104-17,6,0.00000000000000000,0.00000000000000000,0
1,104-17,7,0.00000000000000000,0.00000000000000000,0
1,104-18,3,0.00000000000000000,0.00000000000000000,0
1,104-18,4,10.48591353738667742,10.53922664892374428,0
1,104-18,5,0.00000000000000000,0.00000000000000000,0
1,104-18,6,0.00000000000000000,0.00000000000000000,0
1,104-18,7,0.00000000000000000,0.00000000000000000,0
1,104-19,3,0.00000000000000000,0.00000000000000000,0
1,104-19,4,15.00325261680805866,29.76897300769174848,3
1,104-19,5,0.00000000000000000,0.00000000000000000,0
1,104-19,6,0.00000000000000000,0.00000000000000000,0
1,104-19,7,0.00000000000000000,0.00000000000000000,0
1,104-20,3,26.72522466588425871,38.91523816720329876,4
1,104-20,4,0.00000000000000000,0.00000000000000000,0
1,104-20,5,0.00000000000000000,0.00000000000000000,0
1,104-20,6,0.00000000000000000,0.00000000000000000,0
1,104-20,7,0.00000000000000000,0.00000000000000000,0
1,104-21,3,31.90162396151619006,47.49536098760218295,1
1,104-21,4,0.00000000000000000,0.00000000000000000,0
1,104-21,5,0.00000000000000000,0.00000000000000000,0
1,104-21,6,0.00000000000000000,0.00000000000000000,0
1,104-21,7,0.00000000000000000,0.00000000000000000,0
1,104-22,3,2.25211484246264604,24.68708021212885129,3
1,104-22,4,5.08754821005973668,32.82298808447994531,2
1,104-22,5,0.00000000000000000,0.00000000000000000,0
1,104-22,6,1.14973813919737244,11.88388015110765394,1
1,104-22,7,0.00000000000000000,0.00000000000000000,0
1,104-23,3,1.67448426588289934,17.56050944293464866,1
1,104-23,4,32.08700334813946853,32.12276663801972632,2
1,104-23,5,0.00000000000000000,0.00000000000000000,0
1,104-23,6,0.00000000000000000,0.00000000000000000,0
1,104-23,7,0.00000000000000000,0.00000000000000000,0
1,104-24,3,0.00000000000000000,0.00000000000000000,0
1,104-24,4,30.69960666201178512,32.08512106972471400,0
1,104-24,5,0.00000000000000000,0.00000000000000000,0
1,104-24,6,0.00000000000000000,0.00000000000000000,0
1,104-24,7,0.33302403514979834,6.66048070299596517,1
1,104-25,3,0.00000000000000000,0.00000000000000000,0
1,104-25,4,2.42589774775274325,16.89747198997557120,0
1,104-25,5,0.00000000000000000,0.00000000000000000,0
1,104-25,6,0.00000000000000000,0.00000000000000000,0
1,104-25,7,0.00000000000000000,0.00000000000000000,0
1,104-26,3,0.00000000000000000,0.00000000000000000,0
1,104-26,4,0.00000000000000000,0.00000000000000000,0
1,104-26,5,0.00000000000000000,0.00000000000000000,0
1,104-26,6,0.00000000000000000,0.00000000000000000,0
1,104-26,7,1.76126473744583345,7.67616324316901455,1
1,104-27,3,0.00000000000000000,0.00000000000000000,0
1,104-27,4,5.22400627061165679,15.45777835363098163,2
1,104-27,5,0.00000000000000000,0.00000000000000000,0
1,104-27,6,18.30093927946215615,35.27789649898756608,2
1,104-27,7,0.00000000000000000,0.00000000000000000,0
1,104-28,3,0.00000000000000000,0.00000000000000000,0
1,104-28,4,15.70432721354779382,20.54008541393222842,2
1,104-28,5,0.00000000000000000,0.00000000000000000,0
1,104-28,6,1.12234913381550205,11.73850094824515367,1
1,104-28,7,0.00000000000000000,0.00000000000000000,0
1,104-29,3,0.00000000000000000,0.00000000000000000,0
1,104-29,4,20.03573955049478172,20.03573955049478172,0
1,104-29,5,0.00000000000000000,0.00000000000000000,0
1,104-29,6,0.00000000000000000,0.00000000000000000,0
1,104-29,7,0.00000000000000000,0.00000000000000000,0
1,104-30,3,0.00000000000000000,0.00000000000000000,0
1,104-30,4,4.96438575550180872,28.77298842311863680,1
1,104-30,5,2.67044897692117544,18.22008557115485416,1
1,104-30,6,0.00000000000000000,0.00000000000000000,0
1,104-30,7,3.65635677184949515,25.18141295530597645,1
1,TOTAL,3,223.44459341170644961,423.03805815802388679,23
1,TOTAL,4,253.19253322851611188,419.76462958031555672,33
1,TOTAL,5,2.67044897692117544,18.22008557115485416,1
1,TOTAL,6,20.57302655247502798,58.90027759834037369,4
1,TOTAL,7,5.75064554444512677,39.51805690147095618,3
1,AVG,3,7.44815311372354838,14.10126860526746206,0
1,AVG,4,8.43975110761720337,13.99215431934385201,1
1,AVG,5,0.08901496589737251,0.60733618570516179,0
1,AVG,6,0.68576755174916759,1.96334258661134586,0
1,AVG,7,0.19168818481483757,1.31726856338236531,0
1,STDDEV,3,14.23991535898109539,21.84167859835032388,1
1,STDDEV,4,9.81833092064418800,12.25020067733355766,1
1,STDDEV,5,0.48755504777544018,3.32651728899863741,0
1,STDDEV,6,3.33940749352491784,6.96767801321430191,0
1,STDDEV,7,0.73060137063595720,4.86129381711802822,0
1,MIN,3,0.00000000000000000,0.00000000000000000,0
1,MIN,4,0.00000000000000000,0.00000000000000000,0
1,MIN,5,0.00000000000000000,0.00000000000000000,0
1,MIN,6,0.00000000000000000,0.00000000000000000,0
1,MIN,7,0.00000000000000000,0.00000000000000000,0
1,MAX,3,46.03847443764241376,66.18881086431312610,5
1,MAX,4,32.08700334813946853,32.82298808447994531,5
1,MAX,5,2.67044897692117544,18.22008557115485416,1
1,MAX,6,18.30093927946215615,35.27789649898756608,2
1,MAX,7,3.65635677184949515,25.18141295530597645,1
