SIMRUN,TIMEINT,VEHICLETRAVELTIMEMEASUREMENT,VEHS(ALL),TRAVTM(ALL),DISTTRAV(ALL)
1,101-1,1,0,,
1,101-1,2,0,,
1,101-1,3,0,,
1,101-1,4,0,,
1,101-2,1,0,,
1,101-2,2,0,,
1,101-2,3,0,,
1,101-2,4,0,,
1,101-3,1,2,51.08835121586479744,383.43050344256391782
1,101-3,2,1,52.87956958025591092,435.63482151360346961
1,101-3,3,0,,
1,101-3,4,0,,
1,101-4,1,3,45.68637480879966262,383.43050344256397466
1,101-4,2,0,,
1,101-4,3,0,,
1,101-4,4,2,38.14305276587669624,218.51032159875808247
1,101-5,1,1,51.67256448688831938,383.43050344256391782
1,101-5,2,1,53.76958744613399688,435.63482151360364014
1,101-5,3,8,42.89879408177554865,182.22770435073041995
1,101-5,4,0,,
1,101-6,1,0,,
1,101-6,2,0,,
1,101-6,3,0,,
1,101-6,4,0,,
1,101-7,1,6,81.78168747200031419,383.43050344256397466
1,101-7,2,3,91.15772030827908168,435.63482151360358330
1,101-7,3,0,,
1,101-7,4,0,,
1,101-8,1,8,53.40921016765786078,383.43050344256386097
1,101-8,2,4,57.70856577541817245,435.63482151360364014
1,101-8,3,0,,
1,101-8,4,0,,
1,101-9,1,2,46.85417249974614151,383.43050344256403150
1,101-9,2,3,52.75163122849475172,435.63482151360358330
1,101-9,3,0,,
1,101-9,4,0,,
1,101-10,1,0,,
1,101-10,2,2,49.84533543130451960,435.63482151360358330
1,101-10,3,10,59.77863870515182043,182.22770435073039152
1,101-10,4,5,58.12422662466265422,218.51032159875808247
1,101-11,1,0,,
1,101-11,2,0,,
1,101-11,3,1,22.67130134281728715,182.22770435073044837
1,101-11,4,0,,
1,101-12,1,1,90.40311869084936802,383.43050344256391782
1,101-12,2,0,,
1,101-12,3,0,,
1,101-12,4,0,,
1,101-13,1,6,67.69759393373860235,383.43050344256386097
1,101-13,2,9,78.92155516001477622,435.63482151360369699
1,101-13,3,0,,
1,101-13,4,0,,
1,101-14,1,3,44.33390112762139523,383.43050344256397466
1,101-14,2,0,,
1,101-14,3,0,,
1,101-14,4,0,,
1,101-15,1,0,,
1,101-15,2,1,61.74104019185128323,435.63482151360335592
1,101-15,3,8,53.59762489518863759,182.22770435073041995
1,101-15,4,9,76.33854244865051442,218.51032159875805405
1,101-16,1,0,,
1,101-16,2,0,,
1,101-16,3,3,23.53757926242586151,182.22770435073050521
1,101-16,4,0,,
1,101-17,1,0,,
1,101-17,2,0,,
1,101-17,3,0,,
1,101-17,4,0,,
1,101-18,1,7,67.65114799140931723,383.43050344256391782
1,101-18,2,7,75.76258282897963170,435.63482151360358330
1,101-18,3,0,,
1,101-18,4,0,,
1,101-19,1,1,44.78766953114376292,383.43050344256425888
1,101-19,2,1,48.53002252487868873,435.63482151360352645
1,101-19,3,0,,
1,101-19,4,0,,
1,101-20,1,0,,
1,101-20,2,1,51.15759712124150838,435.63482151360375383
1,101-20,3,6,69.28681988016292337,182.22770435073041995
1,101-20,4,5,53.41500170230358435,218.51032159875808247
1,101-21,1,0,,
1,101-21,2,0,,
1,101-21,3,4,23.27580277665329334,182.22770435073044837
1,101-21,4,2,26.26843146427376041,218.51032159875808247
1,101-22,1,0,,
1,101-22,2,0,,
1,101-22,3,0,,
1,101-22,4,0,,
1,101-23,1,4,56.69080066701303622,383.43050344256397466
1,101-23,2,3,75.21337015408327886,435.63482151360364014
1,101-23,3,0,,
1,101-23,4,0,,
1,101-24,1,2,44.58831631556432740,383.43050344256380413
1,101-24,2,4,55.37782929318305492,435.63482151360369699
1,101-24,3,0,,
1,101-24,4,0,,
1,101-25,1,1,46.41643515995298230,383.43050344256397466
1,101-25,2,0,,
1,101-25,3,0,,
1,101-25,4,5,89.31510336662151417,218.51032159875808247
1,101-26,1,0,,
1,101-26,2,1,48.62786228761910934,435.63482151360335592
1,101-26,3,10,44.12992504052267861,182.22770435073044837
1,101-26,4,3,66.55327156092373286,218.51032159875811089
1,101-27,1,0,,
1,101-27,2,0,,
1,101-27,3,5,26.21673967064593924,182.22770435073044837
1,101-27,4,0,,
1,101-28,1,1,76.31392381106513767,383.43050344256403150
1,101-28,2,2,77.45772255183541688,435.63482151360369699
1,101-28,3,0,,
1,101-28,4,0,,
1,101-29,1,1,45.39347656355926119,383.43050344256391782
1,101-29,2,4,71.33589737467275427,435.63482151360369699
1,101-29,3,0,,
1,101-29,4,0,,
1,101-30,1,0,,
1,101-30,2,2,50.92654104452344654,435.63482151360358330
1,101-30,3,0,,
1,101-30,4,0,,
1,TOTAL,1,49,914.76874444287420829,6134.88805508102359454
1,TOTAL,2,49,1053.16443030276923309,7405.79196573126318981
1,TOTAL,3,55,365.39322565534394016,1640.04933915657375110
1,TOTAL,4,31,408.15762993331247799,1529.57225119130657731
1,AVG,1,1,57.17304652767963802,383.43050344256397466
1,AVG,2,1,61.95084884133936498,435.63482151360369699
1,AVG,3,1,40.59924729503821794,182.22770435073041995
1,AVG,4,1,58.30823284761606828,218.51032159875808247
1,STDDEV,1,2,14.93973011602172996,0.00000000000010378
1,STDDEV,2,2,13.40133603540782303,0.00000000000011280
1,STDDEV,3,3,17.66708561973425518,0.00000000000003015
1,STDDEV,4,2,21.64740044755185266,0.00000000000001641
1,MIN,1,0,44.33390112762139523,383.43050344256380413
1,MIN,2,0,48.53002252487868873,435.63482151360335592
1,MIN,3,0,22.67130134281728715,182.22770435073039152
1,MIN,4,0,26.26843146427376041,218.51032159875805405
1,MAX,1,8,90.40311869084936802,383.43050344256425888
1,MAX,2,9,91.15772030827908168,435.63482151360375383
1,MAX,3,10,69.28681988016292337,182.22770435073050521
1,MAX,4,9,89.31510336662151417,218.51032159875811089
